gene_a,gene_b,weight
KRT14,KRT17,0.5900783538818359
ELF3,FXYD3,0.5726513266563416
AURKA,NUF2,0.564277172088623
NUF2,TOP2A,0.5580440163612366
CD74,HLA-DRA,0.5572105646133423
MT-CYB,MT-ND4,0.556958019733429
COL6A2,SPARC,0.5493290424346924
MT-ATP6,MT-CO2,0.540065348148346
CNN3,S100A16,0.537090539932251
KRT14,KRT5,0.5345569252967834
MT-CYB,MT-CO2,0.5134668350219727
FXYD3,KRT8,0.4632185101509094
CALD1,CYR61,0.4626888632774353
IFI6,ISG15,0.4571603536605835
MT-ND4,MT-CO2,0.4556460380554199
SFN,WFDC2,0.44817054271698
GRN,PSAP,0.44517582654953003
CDK1,CDKN3,0.4343326985836029
CD24,MAL2,0.4331517815589905
C1R,NNMT,0.4314402639865875
TOP2A,GTSE1,0.42352965474128723
NUF2,GTSE1,0.4209533929824829
CAVIN1,UACA,0.42003852128982544
COL1A2,PCOLCE,0.417299747467041
SPARC,PRSS23,0.41394278407096863
CYTOR,MIR4435-2HG,0.41373515129089355
GTSE1,CCNB2,0.4052875339984894
MYL9,TPM2,0.403990238904953
MT-CYB,MT-ATP6,0.4033483564853668
KRT17,KRT5,0.40095916390419006
EFNA1,TM4SF1,0.39490872621536255
TOP2A,MKI67,0.3926282525062561
KRT14,S100A2,0.392444372177124
TOP2A,CCNB2,0.3897184133529663
NNMT,BGN,0.3891278803348541
ATXN2L,C15ORF40,0.3889763057231903
HLA-DRA,HLA-DRB1,0.3861972987651825
MKI67,HMMR,0.3854491412639618
ELF3,KRT8,0.3834723234176636
HLA-DRA,HLA-DPB1,0.3830956518650055
CCNA2,CCNB1,0.38185960054397583
KRT8,KRT7,0.37889525294303894
FXYD3,WFDC2,0.3713398575782776
MYL9,TAGLN,0.36780187487602234
ELF3,SOX9,0.36753082275390625
KRT17,FXYD3,0.36050695180892944
DPYSL3,LAMA4,0.3588099777698517
DSP,PERP,0.3566032350063324
KRT8,KRT18,0.35484182834625244
HMMR,RRM2,0.35191234946250916
KRT7,KRT18,0.3509303033351898
CCNB2,TK1,0.35029706358909607
NUF2,CDCA8,0.3489183485507965
IGFBP4,TIMP1,0.34877195954322815
ELF3,CLDN4,0.3475983142852783
HSPG2,IGFBP7,0.34656694531440735
CD74,HLA-DRB1,0.3458397686481476
KRT7,PERP,0.3437930643558502
MT-ND4,MT-ND1,0.341183066368103
TOP2A,CCNB1,0.3399059474468231
CALD1,TPM2,0.33881470561027527
TOP2A,RRM2,0.3384113907814026
CDC20,ZWINT,0.33755525946617126
CALD1,MYL9,0.33743536472320557
CORO1A,HCST,0.33666694164276123
HCST,CD37,0.33431753516197205
COL1A2,COL1A1,0.3342977464199066
CDK1,CDC20,0.33104634284973145
TOP2A,CCNA2,0.33083733916282654
CALD1,TGFB1I1,0.3288486897945404
NUF2,MKI67,0.32777541875839233
COL16A1,FBLN1,0.32767948508262634
LAMA4,ADAMTS4,0.3265758752822876
MYL9,TPM1,0.3255760371685028
CALD1,UACA,0.3254898488521576
C15ORF40,SLC16A1-AS1,0.3240397572517395
HCST,FMNL1,0.31913256645202637
CD24,KRT19,0.3164036273956299
NNMT,TPM1,0.316356360912323
CALD1,CAVIN1,0.3136797845363617
PALLD,SDC2,0.3133058547973633
ELF3,KRT7,0.31114789843559265
KRT5,KRT16,0.3107207417488098
AURKA,TOP2A,0.3106794059276581
CD74,HLA-DPB1,0.3086753189563751
CDC20,BIRC5,0.30826687812805176
FXYD3,SOX9,0.3080217242240906
KRT8,EPCAM,0.3077892065048218
CDK11A,SLC5A3,0.3061962127685547
DNAJC24,KANSL3,0.30499011278152466
RRM2,CENPF,0.3044082522392273
EEFSEC,ZNF335,0.3042701184749603
TK1,CDC20,0.3029218018054962
KRT18,CLDN4,0.30284062027931213
MT-ATP6,MT-ND3,0.30278390645980835
CDK11A,ZC3H8,0.3027690649032593
CALD1,TPM1,0.3020853102207184
TOP2A,CENPF,0.29966697096824646
FAM160B1,SMG6,0.2992914915084839
MIA,S100A14,0.2991001605987549
CMTM3,TNFSF12,0.29797977209091187
CD37,FMNL1,0.2962552607059479
CDCA8,CDC20,0.29563894867897034
MKI67,RRM2,0.2947057783603668
NNMT,DPYSL3,0.29383930563926697
FXYD3,CLDN4,0.2935042381286621
PDZK1IP1,TACSTD2,0.2923271358013153
COL6A2,AEBP1,0.2918977439403534
LAMA4,FBN1,0.2909463942050934
TOP2A,BIRC5,0.2904750108718872
CNN3,PPIC,0.29020723700523376
GTSE1,MKI67,0.28719469904899597
FCGR2A,SLC11A1,0.2866869568824768
EXOSC6,ZC3H4,0.286399781703949
COL6A2,PRSS23,0.285663902759552
CDK1,ZWINT,0.28531867265701294
CYB5D2,LENG8,0.28472715616226196
KRT8,PERP,0.284328430891037
PPIC,SERPINH1,0.2841309607028961
CD24,EPCAM,0.2836396396160126
DPYSL3,MAP1B,0.2835822105407715
IFITM2,TRIM22,0.28307533264160156
CENPF,ATAD2,0.28192341327667236
KRT14,KRT16,0.28178319334983826
TPM2,MYLK,0.2813655734062195
CYR61,NNMT,0.28129419684410095
CDCA8,UBE2C,0.2812631130218506
FXYD3,KRT7,0.2809261679649353
TOP2A,CDC20,0.28055983781814575
C1R,MYL9,0.28050360083580017
ISLR,LOXL1,0.28029781579971313
LAMA4,RAI14,0.27996009588241577
ELF3,WFDC2,0.27894487977027893
WFDC2,SOX9,0.27866747975349426
MKI67,CENPE,0.2780352830886841
KDM6B,PER1,0.27692538499832153
NUF2,CCNB2,0.27645838260650635
TOP2A,HMMR,0.27645328640937805
CCND1,HES1,0.2753351330757141
SPARC,CFH,0.2746758759021759
CWF19L1,ITPKB,0.2744709253311157
CYR61,CTGF,0.27370569109916687
MKI67,TPX2,0.2736004889011383
LAMA4,IGFBP7,0.2731831967830658
MMP14,TIMP2,0.27278292179107666
NUF2,UBE2C,0.27256229519844055
S100A16,TM4SF1,0.272542804479599
FXYD3,EPCAM,0.2724809944629669
TOP2A,UBE2C,0.2714051604270935
C1R,CTGF,0.2705115079879761
DPYSL3,RAI14,0.2703111469745636
S100A2,TACSTD2,0.2702794075012207
NUF2,HMMR,0.26996055245399475
FXYD3,PERP,0.2694779634475708
HSPA1A,HSPA1B,0.26945215463638306
DSP,CLDN4,0.26855820417404175
NUF2,TPX2,0.26818040013313293
MT-ND4,MT-ATP6,0.26782944798469543
ELF3,CD24,0.26751869916915894
MT-ND1,MT-ND2,0.26741984486579895
FBN1,COL5A2,0.2663334608078003
WFDC2,CLDN4,0.2640311121940613
FXYD3,CRYAB,0.26381656527519226
CALD1,CTGF,0.2632991075515747
TRIM22,PARP14,0.26326698064804077
CENPF,CENPE,0.2621074318885803
PRSS23,DPYSL3,0.26103824377059937
CAVIN1,CD59,0.26102450489997864
MT-CYB,MT-ND1,0.26083904504776
ABTB1,WHAMM,0.26073864102363586
C1R,BGN,0.2596797049045563
CD24,CLDN4,0.2593608498573303
TOP2A,CENPE,0.2592567503452301
EXOSC6,TCTN3,0.25892961025238037
CLDN4,SLPI,0.2574390172958374
KRT17,KRT8,0.25726255774497986
ANP32E,UBE2S,0.25692763924598694
FXYD3,KRT18,0.2563988268375397
FAM160B2,NPHP3,0.2563893496990204
HSPG2,ADAMTS4,0.2561444938182831
SPARC,COL6A1,0.25550785660743713
CCNB2,MKI67,0.25525963306427
DMTF1,TRPM7,0.2551615238189697
CNN3,CYR61,0.2545095682144165
COL1A1,AEBP1,0.25421562790870667
PERP,DMKN,0.25287747383117676
TOP2A,NUSAP1,0.2527690827846527
ATXN2L,KDM4B,0.25269362330436707
LPXN,PTK2B,0.25249284505844116
CDK1,TK1,0.25186482071876526
CAVIN1,ADIRF,0.25127872824668884
MT-CYB,MT-ND3,0.2509763240814209
ACP5,RASGEF1B,0.25088000297546387
CCNA2,RRM2,0.2508583664894104
KRT5,S100A2,0.24999503791332245
CALD1,LAMC1,0.24986371397972107
LENG8,PPP1R12C,0.24969305098056793
FXYD3,CD24,0.249506875872612
SMG6,ZNF224,0.24945436418056488
COL6A2,COL6A1,0.24896131455898285
DPYSL3,FBN1,0.24852541089057922
LAMA4,HSPG2,0.2485186606645584
DCP2,ZBTB1,0.24841053783893585
MIB2,VPS13A,0.24803228676319122
MKI67,NDC80,0.24802055954933167
RAI14,CAVIN3,0.2479134351015091
FAM160B1,ZNF224,0.24755750596523285
AURKA,GTSE1,0.24692735075950623
PDZK1IP1,SLPI,0.24609552323818207
ZC3H4,C2ORF49,0.24609190225601196
BGN,CCDC80,0.2459518313407898
TOP2A,TPX2,0.24557769298553467
C1R,C1S,0.2454950362443924
CCNB1,RRM2,0.24548891186714172
CDC20,UBE2C,0.24493227899074554
BGN,DPYSL3,0.24490439891815186
TOP2A,NDC80,0.2444438934326172
CYR61,TPM1,0.24405109882354736
MAL2,KRT19,0.24403057992458344
NCOA1,TRIM8,0.2440224587917328
NUF2,CCNB1,0.2436993420124054
NUF2,NUSAP1,0.24366046488285065
EFHD2,PPP1R18,0.2434157282114029
ZC3H4,TCTN3,0.2433880865573883
MKI67,CCNA2,0.24331757426261902
KRT17,KRT16,0.24302659928798676
HSP90AA1,HSPH1,0.24261461198329926
S100A2,PDZK1IP1,0.24212504923343658
KRT7,CLDN4,0.24187791347503662
DPYSL3,IGFBP4,0.24166232347488403
GK,OTULINL,0.24149374663829803
CNN3,CALD1,0.24112936854362488
CNN3,UACA,0.2407498061656952
HMMR,TPX2,0.24061447381973267
CALCOCO2,SACM1L,0.24060530960559845
IER3,MAFB,0.24035564064979553
LAMC1,CAVIN3,0.2403017282485962
PERP,KRT18,0.2397403120994568
JAK1,RNF213,0.23947547376155853
CALD1,NNMT,0.23912081122398376
AURKA,NUSAP1,0.23905673623085022
HIVEP2,SMAD7,0.23861441016197205
ELF3,PERP,0.23825019598007202
TPM2,TPM1,0.23816591501235962
CD24,KRT18,0.23801420629024506
HSPG2,SLC9A3R2,0.23777304589748383
POLK,UBR1,0.23719748854637146
FBN1,CFH,0.23675872385501862
CHFR,VPS13C,0.23642264306545258
DPYSL3,IGFBP7,0.2360539734363556
CDKN3,CDC20,0.2358938753604889
CYB5D2,TCTN3,0.23551437258720398
PRSS23,CFH,0.23549610376358032
CD59,TSC22D1,0.2346031665802002
KRT5,SFN,0.2345992475748062
MAP3K4,RUFY2,0.23439982533454895
DUSP1,FOS,0.23439809679985046
NNMT,CTGF,0.23416176438331604
FXYD3,MAL2,0.2341456264257431
CTGF,FBLN2,0.23399117588996887
ITGA2,NCOA7,0.23335221409797668
PCOLCE,RARRES2,0.23306038975715637
MT-CO2,MT-ND3,0.2328646034002304
PSAP,MFSD1,0.23284749686717987
ARHGAP30,DENND2D,0.2327904850244522
CENPF,NUSAP1,0.23245058953762054
C1R,TAGLN,0.2321973592042923
AP1G1,RC3H1,0.2321772575378418
NNMT,TGFB1I1,0.2320311963558197
KRT8,CRYAB,0.2318350225687027
CCNB2,CDC20,0.2313700169324875
KRT14,DMKN,0.23136459290981293
KRT7,DSP,0.23127113282680511
CHFR,CREBRF,0.2309020310640335
EFEMP2,FGFR1,0.23044869303703308
ZC3H4,LENG8,0.22975178062915802
CNN3,SELENOM,0.22950789332389832
IGFBP7,MAP1B,0.22795000672340393
CYR61,SELENOM,0.22769618034362793
ADAMTS4,FBN1,0.22741875052452087
ARHGEF12,NPDC1,0.22736233472824097
CKS2,PTTG1,0.22684234380722046
CCNA2,BIRC5,0.22650380432605743
SOX9,CLDN4,0.22628825902938843
CTSS,LGALS9,0.22557121515274048
MKI67,CENPF,0.2248966246843338
NNMT,MYL9,0.22449630498886108
IL6ST,SPRY1,0.22445781528949738
TK1,ZWINT,0.2240534871816635
LYST,RPS6KA3,0.22338299453258514
C1R,GAS1,0.2218438982963562
ATAD2,UBE2T,0.2216562181711197
KRT17,SFN,0.22161155939102173
PRSS23,TGFB1I1,0.22055047750473022
HMMR,CCNB1,0.22045713663101196
PLEKHM2,PTPRE,0.2199954390525818
CSGALNACT2,PHYKPL,0.21954143047332764
C1R,CCDC80,0.2191091775894165
WFDC2,KRT7,0.21895621716976166
KRT17,S100A2,0.21862900257110596
MMP11,THBS2,0.21847327053546906
ECE1,MAST4,0.21845725178718567
KRT14,FXYD3,0.21719607710838318
NCOA1,DHX38,0.2169414907693863
KRT18,CALML5,0.2166525423526764
PHTF2,SLC7A6,0.2156020998954773
CWF19L1,ZDHHC18,0.215534046292305
ANKS3,LRIG2,0.21552592515945435
LENG8,C2ORF49,0.2154301106929779
ABL2,EMP1,0.21508631110191345
NUF2,CCNA2,0.21466611325740814
RASGRP1,SEMA4D,0.214332714676857
MKI67,UBE2C,0.2141229510307312
CENPF,UBE2T,0.21408580243587494
RRM2,TPX2,0.21393774449825287
CD59,ADIRF,0.21382421255111694
TK1,BIRC5,0.21337997913360596
C15ORF40,KDM4B,0.21327099204063416
NUF2,CENPF,0.21322299540042877
CALD1,DPYSL3,0.21266652643680573
COL16A1,ISLR,0.212455153465271
HCST,ADGRE5,0.21186181902885437
ATP9B,C22ORF46,0.21142235398292542
MED17,OTULIN,0.2114170342683792
CSGALNACT2,NUP214,0.2110036015510559
FRYL,TBCD,0.2109808325767517
TGFB1I1,MAP1B,0.21092693507671356
NUF2,NDC80,0.2103121131658554
IGFBP4,CFH,0.21008530259132385
PPP1R12C,ATAD2B,0.20954667031764984
KRT7,EPCAM,0.20914176106452942
SLPI,CALML5,0.20859862864017487
NR1H3,RASSF4,0.2085021734237671
NNMT,PRSS23,0.20817828178405762
NUF2,BIRC5,0.20806416869163513
DUSP1,SGK1,0.2072201520204544
HSPG2,CAVIN3,0.20640996098518372
KRT17,WFDC2,0.20617742836475372
PMP22,SERPING1,0.2059745192527771
SDC4,TOB1,0.20589031279087067
PALLD,SNAI2,0.20588678121566772
LENG8,TCTN3,0.205756276845932
KRT18,EPCAM,0.20543663203716278
MRPL10,TATDN2,0.20526593923568726
CRIP2,JAG1,0.20515650510787964
NUF2,RRM2,0.20507366955280304
AKAP10,WDR44,0.20447038114070892
ELF3,KRT18,0.2043120414018631
SMG6,CWF19L1,0.20427975058555603
CYR61,C1R,0.20407913625240326
PDZK1IP1,CALML5,0.20402678847312927
PERP,CLDN4,0.20383226871490479
HMGB2,STMN1,0.20371253788471222
AURKA,CCNB2,0.20321494340896606
SERPING1,IFITM3,0.20304645597934723
UBE2C,PCLAF,0.20279888808727264
EFHD2,ARHGDIB,0.20263536274433136
EXOSC6,CYB5D2,0.20238761603832245
C2ORF49,ZC3H7A,0.20220325887203217
RASGEF1B,CD83,0.20213231444358826
COTL1,SH3BGRL3,0.2020249366760254
PPIC,IGFBP5,0.20202408730983734
CORO1A,GPSM3,0.20195770263671875
CABIN1,DLGAP1-AS1,0.20184879004955292
DPYSL3,CTGF,0.2017298936843872
CENPF,TPX2,0.20171667635440826
EPCAM,CKB,0.20139174163341522
CNOT6L,SP140L,0.201131671667099
RRM2,UBE2C,0.2011064738035202
TOP2A,CDCA8,0.20108816027641296
CDK1,CCNB2,0.20094886422157288
ABCD4,CLASP1,0.2008771002292633
HSPG2,LAMC1,0.20085179805755615
HSPG2,TGFB1I1,0.20083260536193848
CCDC14,PAXBP1,0.20077210664749146
HSPG2,MAP1B,0.20051240921020508
CDCA8,BIRC5,0.20051123201847076
CDC42SE2,PPP2R5C,0.1999903917312622
LINC00909,ORC2,0.19981689751148224
KRT7,SOX9,0.1995099037885666
CALD1,IGFBP7,0.1994951367378235
ID4,MFGE8,0.1993776261806488
C1R,AEBP1,0.19928817451000214
UACA,CD59,0.19906894862651825
KRT14,SFN,0.19876766204833984
CFH,COL5A2,0.19867880642414093
CYR61,MYL9,0.19853068888187408
ADGRE5,PTGER4,0.19850599765777588
NUSAP1,PTTG1,0.1981600522994995
SPARC,COL5A2,0.1979462206363678
IL6ST,TGFBR2,0.19715961813926697
CALD1,BGN,0.1968410313129425
ADGRE5,AKNA,0.1967506855726242
MAP1B,CAVIN3,0.1966467946767807
ATAD2B,SENP7,0.19597531855106354
ELF3,EPCAM,0.19596846401691437
CTGF,LAMC1,0.1959364116191864
CSTB,TXN,0.1958835870027542
CTSB,SOD2,0.1957699954509735
NNMT,CCDC80,0.1951739341020584
HMMR,CCNA2,0.19491007924079895
HLA-DPB1,SRGN,0.19451673328876495
CALD1,CAVIN3,0.1938939243555069
MT-ND4,MT-ND2,0.1934693455696106
IGFBP4,LIMA1,0.19316543638706207
CUL9,POU5F2,0.19306333363056183
CCDC80,GAS1,0.19298139214515686
BGN,SERPINH1,0.19298002123832703
C1R,EFEMP2,0.19291527569293976
CLDN4,S100A14,0.19260551035404205
CALD1,SELENOM,0.1923501342535019
CCNA2,UBE2C,0.19232162833213806
PALLD,TNFRSF12A,0.19192466139793396
BIRC5,TPX2,0.19143204391002655
ADIRF,CRIP2,0.19119614362716675
TOP2A,TK1,0.19111637771129608
MYL9,MYLK,0.1907380223274231
TIMP2,RIN2,0.19060325622558594
MAST4,CEMIP2,0.19028310477733612
BIRC5,UBE2C,0.1900167465209961
CCNA2,CENPF,0.18994876742362976
CLASP1,PIKFYVE,0.18974894285202026
HMMR,CENPE,0.18958863615989685
CALCOCO2,CDKN1B,0.18951748311519623
AURKA,CDCA8,0.18927119672298431
SPARC,HSPG2,0.18926243484020233
CRIP2,CRIM1,0.18883171677589417
GK,ADCY7,0.18866033852100372
C15ORF40,DMTF1,0.18839062750339508
ATAD2B,ZC3H7A,0.18818603456020355
GTSE1,HMMR,0.18811361491680145
C1R,TGFB1I1,0.18804676830768585
CD24,KRT7,0.18767395615577698
CCNB2,RRM2,0.18707387149333954
SFN,PDZK1IP1,0.18702761828899384
AURKA,MKI67,0.18690267205238342
GTSE1,CDCA8,0.18685506284236908
MKI67,CCNB1,0.18626555800437927
MYL9,CTGF,0.18614834547042847
AC008105.3,ACAP1,0.18605098128318787
CYR61,BGN,0.18601617217063904
AC058791.1,LINC00513,0.1853061020374298
CDK1,UBE2C,0.1852044016122818
LAMA4,MTUS1,0.18475615978240967
COL1A2,CTSK,0.18473447859287262
ARHGEF12,HYAL2,0.1847183108329773
HCST,STK17B,0.18467769026756287
IGFBP7,LAMC1,0.18454819917678833
PRSS23,IGFBP4,0.18449319899082184
WFDC2,S100A14,0.18376624584197998
MKI67,NUSAP1,0.1835208684206009
ZBTB1,DENND4A,0.18349413573741913
ELF3,MAL2,0.1834779530763626
UACA,TSC22D1,0.1832708716392517
RNF213,CNOT6L,0.18319003283977509
PERP,SOX4,0.1831839680671692
BGN,TPM1,0.1831640601158142
MAP1B,CRIM1,0.1829063445329666
KRT5,PDZK1IP1,0.18260014057159424
AC008105.3,LINC00513,0.1825701743364334
C19ORF66,HLA-A,0.1824491173028946
SPARC,AEBP1,0.18243354558944702
CRIP2,MTUS1,0.1823154240846634
UBE2T,CEP78,0.18209737539291382
HMMR,CENPF,0.18203940987586975
MAL2,EPCAM,0.18202783167362213
FBLN1,LOXL1,0.18200597167015076
UBE2T,NPW,0.18197639286518097
RAI14,EMP1,0.18190228939056396
FXYD3,DMKN,0.1815939098596573
CORO1A,BIN2,0.18158188462257385
ATAD2,TPX2,0.18114997446537018
KRT17,DMKN,0.18106943368911743
DSP,KRT18,0.1809842884540558
MMP14,GSN,0.18073850870132446
FBLN1,ISLR,0.1804683357477188
SPARC,DPYSL3,0.18040060997009277
LNPEP,UTRN,0.1801265925168991
TK1,CDCA8,0.18009869754314423
DSP,S100A14,0.17988993227481842
PCOLCE,COL1A1,0.17977231740951538
LPXN,ATP2B1-AS1,0.17968665063381195
PRSS23,FBN1,0.1794569492340088
HIPK1,RASA2,0.1793270856142044
HLA-DRB1,HLA-DPB1,0.17912545800209045
MFSD1,GLUL,0.17912259697914124
PMP22,RIN2,0.17911916971206665
CD37,GPSM3,0.17907141149044037
KRT18,SLPI,0.1789010763168335
CYB5D2,C2ORF49,0.1788785308599472
ARHGAP30,BIN2,0.17887087166309357
WFDC2,PDZK1IP1,0.17845922708511353
NUF2,CDC20,0.1782444566488266
KRT8,WFDC2,0.17822425067424774
FXYD3,DSP,0.17817705869674683
NNMT,TAGLN,0.17780373990535736
CBLB,FYN,0.17732371389865875
MDK,MGP,0.17707772552967072
FXYD3,SFN,0.17698676884174347
MAL2,CLDN4,0.1769683063030243
DPYSL3,HSPG2,0.17662584781646729
EFHD2,SAMHD1,0.17630843818187714
MSL2,RANBP10,0.1750466674566269
SACM1L,ZBTB25,0.17504416406154633
AURKA,HMMR,0.17479588091373444
SLC5A3,MSL2,0.17466503381729126
KRT16,PDZK1IP1,0.17464883625507355
CDK1,CDCA8,0.1746443510055542
GALM,PGPEP1,0.17450718581676483
IGFBP4,LHFPL6,0.1743350327014923
LENG8,ZC3H7A,0.17397649586200714
CYR61,DPYSL3,0.17364372313022614
GABPB1-AS1,UHRF2,0.1736382395029068
MYL9,TGFB1I1,0.1734323650598526
CALD1,C1R,0.17341110110282898
CDCA8,UBE2S,0.17301122844219208
ORC2,SMCR5,0.17281979322433472
ERCC6,ZNF282,0.17270472645759583
EPCAM,MIA,0.1725977063179016
HMGB2,PCLAF,0.17242902517318726
WFDC2,CRYAB,0.17241835594177246
C1R,DPYSL3,0.17238840460777283
CDK11A,IPO8,0.17235423624515533
MAL2,SLPI,0.17224669456481934
SFN,S100A2,0.17218342423439026
CD59,CRIP2,0.17211849987506866
GTSE1,RRM2,0.17202167212963104
USP38,ZBTB17,0.1720070093870163
KRT14,KRT8,0.17195948958396912
S100A16,ID1,0.17152473330497742
WFDC2,DMKN,0.17145657539367676
SLC16A1-AS1,DMTF1,0.1713728904724121
RASSF4,CD14,0.1713143289089203
PRSS23,SULF2,0.1710844486951828
KRT18,KRT19,0.1708565205335617
LGALS9,SAMHD1,0.1707136332988739
CENPF,UBE2C,0.17059779167175293
RRM2,BIRC5,0.17059040069580078
ZBTB25,IKBKB,0.17050422728061676
IFI35,RGS2,0.1703016608953476
C1R,TPM1,0.1702127903699875
SFN,TACSTD2,0.17006249725818634
PRSS23,MAP1B,0.17002390325069427
GTSE1,TPX2,0.16983027756214142
CTSB,PLAUR,0.1698140799999237
S100A2,KRT16,0.1697436422109604
ADD1,FOSL2,0.16954602301120758
NUF2,ASPM,0.16941586136817932
NOP14,NSUN6,0.1692351996898651
MAL2,AARD,0.16912372410297394
ZC3H4,ATAD2B,0.16907712817192078
C21ORF91,RNF4,0.16866286098957062
DPYSL3,EFEMP2,0.16854092478752136
PLEKHM2,AHR,0.16839587688446045
ANKRA2,CALCOCO1,0.1680935174226761
CENPE,TPX2,0.1680835485458374
DMTF1,CLK4,0.16799604892730713
SFN,DMKN,0.16799189150333405
OTULIN,ZNF136,0.16779489815235138
IGFBP7,FBN1,0.1674126386642456
AP1G1,FAM208A,0.16730988025665283
JADE1,PHC3,0.16700851917266846
EFNA1,DSP,0.16700737178325653
CCNA2,CENPE,0.16688580811023712
ITPKB,ZDHHC18,0.1668732464313507
ADIRF,JAG1,0.1667834222316742
KRT17,ELF3,0.16676340997219086
CYB5D2,SENP7,0.1656419038772583
ZC3H8,NMT2,0.16564017534255981
TCTN3,C2ORF49,0.16558051109313965
CKS1B,TUBA1B,0.16557812690734863
ZC3H7A,SENP7,0.16530004143714905
PRSS23,AEBP1,0.16510459780693054
UACA,PPIC,0.16498170793056488
TOP2A,CDK1,0.16491033136844635
PCOLCE,CTSK,0.1648758053779602
LAMA4,CAVIN3,0.16486725211143494
RBM5,SNRK,0.1646113395690918
CWF19L1,IPO8,0.16449257731437683
KRT8,CD24,0.16444151103496552
CDK11A,HIVEP2,0.16437211632728577
ID4,PDLIM4,0.16428405046463013
DPYSL3,LAMC1,0.16407330334186554
AQP3,HIST1H2BD,0.16392426192760468
FMNL1,GALM,0.16377854347229004
RAI14,LAMC1,0.1637210100889206
DSP,DMKN,0.1635507494211197
PCOLCE,FGF7,0.1634046584367752
CYR61,TGFB1I1,0.16336974501609802
EPCAM,CALML5,0.16330738365650177
EMP1,MTUS1,0.1632377654314041
CORO1A,CD37,0.1630512773990631
ADAMTS4,LMCD1,0.16303159296512604
CDC20,PCLAF,0.1628255695104599
SPARC,IGFBP7,0.16259251534938812
GTSE1,CDC20,0.1625189334154129
FAM160B1,HIVEP2,0.1622997522354126
UACA,SERPINH1,0.16228963434696198
CYR61,CAVIN1,0.16221755743026733
TPM1,RND3,0.16216222941875458
ZC3H4,GABPB1-AS1,0.16191427409648895
PRSS23,HSPG2,0.16187548637390137
SOX9,CRYAB,0.16185055673122406
IGFBP7,ADAMTS4,0.16176213324069977
IGFBP7,CTGF,0.16171909868717194
GPS2,NSF,0.1616104394197464
LAMA4,LAMC1,0.16151295602321625
FBLN1,FHL2,0.16135458648204803
BCAS4,SYTL1,0.1613333523273468
COL16A1,TPM1,0.16110065579414368
AEBP1,CCDC80,0.16069699823856354
CYB5D2,PPP1R12C,0.1606454700231552
CCNB2,CDCA8,0.16051505506038666
ZWINT,BIRC5,0.16045871376991272
UACA,CAVIN3,0.16011981666088104
GADD45B,PLK3,0.16010883450508118
KRT8,DSP,0.15995176136493683
KANSL1,MLLT6,0.1595737785100937
ITPKB,IPO8,0.15937164425849915
UACA,GSN,0.1593388468027115
DPYSL3,SH3PXD2A,0.15925948321819305
PRSS23,COL5A2,0.15917636454105377
DPYSL3,TGFB1I1,0.1590258777141571
CALD1,LAMA4,0.15898987650871277
KRT17,CRYAB,0.1589234471321106
JAK1,ADD1,0.15878035128116608
DSP,CD9,0.15870924293994904
LAMA4,MAP1B,0.15869063138961792
AURKA,TPX2,0.15848007798194885
BGN,LAMA4,0.15845507383346558
CCNB1,TPX2,0.15840879082679749
CLDN4,CALML5,0.15832887589931488
SLC4A7,TTF1,0.15827585756778717
CD37,LPXN,0.15816059708595276
VPS13A,MLLT3,0.1579420417547226
MYL9,COL16A1,0.15791650116443634
MYL9,EFEMP2,0.15778669714927673
BGN,CTGF,0.15773074328899384
FAM160B2,PHC3,0.1576361209154129
IFITM2,PARP14,0.15759016573429108
C2ORF49,UHRF2,0.15758547186851501
RASGRP1,TRAF3IP3,0.15750673413276672
CASP8,CTR9,0.15748150646686554
ITPKB,NIFK-AS1,0.15738362073898315
ACP5,CD83,0.15727028250694275
TIMP2,CST3,0.15711760520935059
BGN,FBLN2,0.15702275931835175
RAI14,MTUS1,0.15696220099925995
CALML5,AZGP1,0.15694017708301544
WFDC2,PERP,0.15679243206977844
S100A16,CYR61,0.15672190487384796
CD24,SOX9,0.15668824315071106
LENG8,YPEL2,0.15653835237026215
ORC2,ZNF44,0.15646548569202423
RARRES2,NBL1,0.1563577651977539
TDRD3,WDR54,0.15613234043121338
PRSS23,CAVIN3,0.15612903237342834
CDKN1B,METTL8,0.15610992908477783
RNF213,SP140L,0.1560513824224472
INPP5E,SCAI,0.15602536499500275
PHYKPL,ZNF92,0.15595945715904236
RND3,PHLDA2,0.15561731159687042
ADAMTS4,SLC9A3R2,0.15539513528347015
MAP1B,LAMC1,0.15533939003944397
EFHD2,CTSS,0.15524795651435852
SEMA4D,RUNX3,0.15524332225322723
CREBRF,GABARAPL1,0.15506131947040558
DPYSL3,ADAMTS4,0.1549708992242813
SOX9,EPCAM,0.1546718031167984
COL5A2,COL6A1,0.15465319156646729
CCNB2,CENPF,0.15450550615787506
PTTG1,TYMS,0.1544894278049469
DGKA,MALT1,0.1544317603111267
CDCA8,FAM83D,0.1542501598596573
CHFR,INO80D,0.15423406660556793
SOX9,PERP,0.15414001047611237
RRM2,NUSAP1,0.15413017570972443
LNPEP,MYCBP2,0.15402157604694366
VPS53,WDR59,0.1538504958152771
EFEMP2,LHFPL6,0.15337926149368286
CREBRF,INO80D,0.15334567427635193
CDC42SE2,RHOF,0.15330874919891357
CTSB,CTSL,0.15330788493156433
RCAN1,S100A6,0.15317577123641968
ARHGAP30,RUNX3,0.15308669209480286
CAVIN1,JAG1,0.15308068692684174
FAM160B1,ITPKB,0.15293267369270325
KDM4C,RAD9A,0.1529141515493393
FBLN1,C1S,0.15287941694259644
TGFB1I1,LAMC1,0.15274204313755035
AURKA,CCNB1,0.15269578993320465
KRT8,DMKN,0.15269500017166138
LIMA1,MINDY2,0.1524924635887146
FXYD3,KRT5,0.15225109457969666
TAGLN,CTGF,0.15207307040691376
RNF213,HLA-A,0.1520213484764099
ZWINT,PCLAF,0.15188340842723846
IFITM2,SP100,0.15181738138198853
SLC7A6,CDK17,0.1517142951488495
KRT5,DMKN,0.1516459882259369
SIRT1,VPS13D,0.15158705413341522
SOX9,S100A14,0.15150336921215057
IGFBP7,CAVIN3,0.1514352560043335
TOP2A,ASPM,0.15142926573753357
RGS2,NABP1,0.1514168083667755
FOXN3,NR3C1,0.1512376368045807
LENG8,ATAD2B,0.15120702981948853
CDK11B,TLK1,0.1511758714914322
CALD1,CD59,0.1509740650653839
RFFL,ZNF669,0.15085162222385406
CASK,HERC1,0.15077227354049683
ELF3,DSP,0.1506933718919754
CNN3,TPM1,0.15057355165481567
LAMA4,CFH,0.15050646662712097
SP100,ELF1,0.15046323835849762
IFITM3,ITGAV,0.15040315687656403
EXOSC6,SENP7,0.1503629982471466
AHR,GABARAPL1,0.1502537727355957
PIKFYVE,PCNX1,0.15019160509109497
HIF1A,NAMPT,0.15008234977722168
FXYD3,KRT16,0.14975182712078094
TPX2,NDC80,0.14973068237304688
PERP,EPCAM,0.14962168037891388
TBCD,TAOK2,0.14960502088069916
EEFSEC,TRIM41,0.1495811939239502
TRIM41,TOE1,0.14940397441387177
PPIC,MMP14,0.14936593174934387
YPEL2,RPGR,0.1493614763021469
CCDC80,CRISPLD2,0.14914213120937347
CD59,HYAL2,0.14910434186458588
PHC3,TMPO,0.1490732729434967
CAVIN1,TSC22D1,0.14893504977226257
LAMA4,SLC9A3R2,0.14879685640335083
ISLR,RARRES2,0.14871922135353088
TK1,UBE2C,0.14828547835350037
PARP14,RNF213,0.14828242361545563
ZNF335,TRIM41,0.14824041724205017
KPNA2,PCNA,0.14820276200771332
CREBRF,IL6ST,0.14811109006404877
JAG1,DST,0.1478900909423828
MKI67,BIRC5,0.14773057401180267
EFHD2,RBPJ,0.14766891300678253
GTSE1,CCNA2,0.14747373759746552
CWF19L1,NIFK-AS1,0.1473834216594696
INTS4,WHRN,0.14732861518859863
PPIC,ITGAV,0.1471647024154663
EXOSC6,PPP1R12C,0.1471622884273529
AURKA,NDC80,0.1471080482006073
UBE2C,TYMS,0.1470530480146408
PPP1R18,RBPJ,0.1468406319618225
IGFBP7,TGFB1I1,0.1468147188425064
CD24,AARD,0.14676758646965027
SLC5A3,ZC3H8,0.1465090662240982
CLASP1,CPD,0.14647921919822693
ZC3H4,ZC3H7A,0.1463451087474823
MAFB,GPNMB,0.14616094529628754
CST3,FCGRT,0.14611703157424927
CCNB1,CENPF,0.14599759876728058
RAI14,ITGAV,0.14591814577579498
CDKN1B,IKBKB,0.14591139554977417
S100A16,SLC25A37,0.14590704441070557
TOP2A,ATAD2,0.14587894082069397
SPRY1,ADD1,0.14583620429039001
CD24,CALML5,0.14582036435604095
PPP1R18,ARHGDIB,0.14573784172534943
HMMR,BIRC5,0.14541536569595337
UBE2T,PRIM1,0.14536193013191223
SFN,KRT7,0.145353302359581
AEBP1,COL6A1,0.14529801905155182
KRT5,WFDC2,0.14526888728141785
PPP1R12C,SENP7,0.14526039361953735
MMP14,RIN2,0.14500193297863007
FXYD3,S100A14,0.14499802887439728
PERP,CD9,0.14477835595607758
NSUN6,EML2,0.14471635222434998
PDZK1IP1,CLDN3,0.14469468593597412
UBE2C,NUSAP1,0.14464524388313293
DCP2,CTSC,0.1444810926914215
ZC3H4,PPP1R12C,0.14437587559223175
ZC3H4,CYB5D2,0.14399322867393494
TCTN3,ATAD2B,0.14357425272464752
MRPL10,PAN3,0.14345091581344604
KRT18,PDZK1IP1,0.14343003928661346
CD59,ARHGEF12,0.14334043860435486
FXYD3,SLPI,0.14333069324493408
NUF2,CDK1,0.14312563836574554
CDK17,LIX1L,0.14306890964508057
TOP2A,TYMS,0.1430405229330063
COL6A2,COL5A2,0.14298349618911743
COL1A1,RARRES2,0.14287054538726807
KRT14,WFDC2,0.14286187291145325
AURKA,UBE2C,0.14276663959026337
LYST,TMEM173,0.1427008956670761
MAP4K4,MPRIP,0.1426956057548523
PAN3,SART3,0.14242547750473022
NUSAP1,NDC80,0.14235909283161163
KRT5,KRT8,0.14226725697517395
IGFBP7,CFH,0.14226534962654114
TMPO,SSH2,0.14220932126045227
OTULINL,GALM,0.1422044038772583
HSPG2,FBN1,0.14215418696403503
CLASP1,UHRF2,0.14202719926834106
MED17,ZNF430,0.14196039736270905
RRM2,CENPE,0.1419154405593872
CENPF,SMC4,0.1418277472257614
DMTF1,KDM4B,0.1417759358882904
CLASP1,STRADA,0.1417219489812851
ELF3,S100A14,0.14166229963302612
SPARC,FBN1,0.1415904015302658
CFH,COL6A1,0.14157336950302124
CLASP1,KLHL36,0.14144334197044373
JAK1,CBLB,0.14135077595710754
CTGF,EFEMP2,0.14124330878257751
CYR61,TPM2,0.14121606945991516
SEMA4D,HIST1H1D,0.14119012653827667
SPARC,LHFPL6,0.14093266427516937
CNN3,SERPINH1,0.14090542495250702
MYL9,LAMC1,0.14087481796741486
NNMT,LAMC1,0.14081887900829315
SMCR5,CENPT,0.14075450599193573
CALD1,MAP1B,0.14073646068572998
KRT14,PDZK1IP1,0.14063578844070435
CTGF,CCDC80,0.14048469066619873
CFH,LHFPL6,0.1403871327638626
CCNB2,CCNA2,0.14034587144851685
WFDC2,KRT18,0.14033466577529907
DPYSL3,CFH,0.14026114344596863
PRSS23,IGFBP7,0.14015290141105652
NNMT,C1S,0.14001771807670593
CTR9,PGGT1B,0.1398686170578003
ACAP1,LINC00513,0.1397785097360611
IL6ST,DNAJB4,0.13962750136852264
PERP,CRYAB,0.13950398564338684
CD24,SLPI,0.13938209414482117
GNB5,INTS6L,0.13932329416275024
LAMC1,EPS8,0.13930056989192963
RRM2,CDC20,0.13918054103851318
SPARC,IGFBP4,0.13917449116706848
EFNA1,SOX4,0.1391451507806778
BGN,ISLR,0.13898606598377228
ACTG2,SYNM,0.13894927501678467
CNN3,CAVIN1,0.13874465227127075
S100A16,EFNA1,0.13859425485134125
FAM160B1,CWF19L1,0.13855312764644623
GLUL,FTH1,0.13845151662826538
HCST,SEMA4D,0.13844619691371918
SOX9,SDC4,0.13842511177062988
CLDN4,PDZK1IP1,0.1383795291185379
KRT8,SOX9,0.13822755217552185
AKNA,ACAP1,0.13817043602466583
TINAGL1,VWA1,0.13811929523944855
CCNB2,UBE2C,0.13811403512954712
ZNF44,DGKA,0.13810208439826965
ZC3H8,MRPL10,0.13800513744354248
LYST,GABARAPL1,0.13799923658370972
CDKN3,TK1,0.13796918094158173
DCP2,MAP3K1,0.13795261085033417
HMMR,NUSAP1,0.1379021406173706
KRT14,DSP,0.1378483772277832
STMN1,ARL6IP1,0.1377917379140854
TPM1,IRF2BPL,0.13776712119579315
CENPE,NDC80,0.13774535059928894
THBS2,LOX,0.13748915493488312
CAVIN1,IGFBP7,0.13744473457336426
SFN,S100A14,0.13742975890636444
DPYSL3,COL6A1,0.13726164400577545
PSAP,FTL,0.13711945712566376
BGN,RAI14,0.13704216480255127
TAGLN,AEBP1,0.13702429831027985
ARHGDIB,KIAA1551,0.13695895671844482
DHX38,PKN1,0.13692258298397064
EFNA1,PERP,0.13660557568073273
HMGB2,HIST1H4C,0.13659536838531494
ADAMTS4,CAVIN3,0.1365855634212494
COL6A2,CTGF,0.13644295930862427
ZNF224,KPNA5,0.13637708127498627
ZC3H7A,RASA2,0.1363268494606018
KRT8,CLDN4,0.13628380000591278
UACA,LAMC1,0.1362386792898178
CAVIN1,CRIP2,0.1361880749464035
CCNA2,NDC80,0.13617396354675293
AEBP1,RARRES2,0.1361551284790039
PTK2B,ATP2B1-AS1,0.13610295951366425
TUBA1B,PCNA,0.13599279522895813
COL1A2,RARRES2,0.13592089712619781
RASA2,UHRF2,0.13588643074035645
MYL9,BGN,0.13586942851543427
KRT5,TACSTD2,0.13582371175289154
SC5D,ZMYM5,0.13573652505874634
MAL2,KRT18,0.13556823134422302
CDCA8,ASPM,0.13555295765399933
COL6A2,CFH,0.13551510870456696
GNA13,TNFRSF14,0.13549105823040009
MYL9,GAS1,0.13546736538410187
CCNA2,TPX2,0.13539278507232666
LGALS9,GIT2,0.13525818288326263
ANP32E,KPNA2,0.13509614765644073
CALD1,EFEMP2,0.13508453965187073
WHAMM,ATP9B,0.13507474958896637
LOXL1,FGF7,0.13493186235427856
CD9,NDRG2,0.13486351072788239
FXYD3,MIA,0.1348230540752411
CCNB2,BIRC5,0.13449546694755554
IGFBP4,RAI14,0.1344030201435089
TGFB1I1,CTGF,0.13436418771743774
MAP1B,RAI14,0.13430429995059967
ELF3,KRT19,0.1342802792787552
IGFBP4,EPS8,0.1342591792345047
PCOLCE,ADAM12,0.13413964211940765
IL6ST,UGCG,0.13411131501197815
SPRY1,LHFPL6,0.1340050846338272
TIMP1,IL6ST,0.13391920924186707
JAK1,NR3C1,0.13383498787879944
ZNF430,EPB41,0.13379710912704468
JAK1,HLA-A,0.13379605114459991
BIRC5,CENPF,0.1337941586971283
RIN2,GSN,0.13378886878490448
SPARC,TGFB1I1,0.13378256559371948
TATDN2,MALT1,0.13377012312412262
KRT7,DMKN,0.13368339836597443
CCNB2,TPX2,0.13363230228424072
PRSS23,CTGF,0.13358557224273682
CCNB2,CCNB1,0.13357633352279663
KRT8,SLC39A6,0.13352927565574646
ATAD2,CEP78,0.13346508145332336
PPP1R18,LNPEP,0.13343992829322815
RGS3,SLC41A1,0.13323736190795898
RRM2,SMC4,0.13302218914031982
TNFRSF12A,ERRFI1,0.13300821185112
SACM1L,METTL8,0.13266175985336304
GTSE1,CCNB1,0.13264986872673035
CDKN3,KPNA2,0.1326119601726532
WDR44,GALM,0.1324070543050766
ZBTB25,IRAK4,0.13223928213119507
TCTN3,TMEM161B,0.13219839334487915
CALD1,SERPINH1,0.13213157653808594
UACA,LAMA4,0.13206636905670166
HSPG2,PLPP1,0.13195909559726715
DPYSL3,CCDC80,0.13189826905727386
NSUN6,SCAI,0.13179191946983337
COL1A1,CCDC80,0.1316561996936798
TAGLN,C1S,0.1316041350364685
UACA,PDLIM1,0.13155657052993774
PRSS23,LAMC1,0.13155414164066315
DCP2,U2AF1L4,0.13149791955947876
PRSS23,LHFPL6,0.1314946711063385
WFDC2,DSP,0.13137570023536682
AP1S2,CPM,0.13105055689811707
CHFR,LYST,0.13099725544452667
DCP2,PIP4K2A,0.1308470368385315
UBE2C,ASPM,0.13082070648670197
ATP6V0A2,MPHOSPH9,0.13078436255455017
FYN,CDK17,0.13067713379859924
CDKN3,NUSAP1,0.13060256838798523
KRT14,PERP,0.13051894307136536
CREBRF,ZNF281,0.13047929108142853
CREBRF,MEF2D,0.13047756254673004
SLPI,CSTB,0.13026531040668488
GK,NFKBID,0.13014988601207733
PRSS23,LAMA4,0.13010574877262115
LYST,RBPJ,0.12992917001247406
SPARC,CTGF,0.1297757923603058
ISLR,EFEMP2,0.12970252335071564
SLC9A3R2,MTUS1,0.1296912580728531
ISLR,CLMP,0.12962864339351654
MAP1B,SLC9A3R2,0.12955118715763092
RRM2,LMNB1,0.1295425444841385
COL16A1,GAS1,0.12953296303749084
CCNB1,NDC80,0.12950633466243744
SPARC,CAVIN3,0.129425048828125
TIMP2,PMP22,0.12941786646842957
SPARC,MAP1B,0.12916280329227448
ZBTB1,PHC3,0.12908940017223358
UBE2S,KPNA2,0.1290791630744934
C1R,COL16A1,0.1290421336889267
UACA,ADIRF,0.1289920061826706
THADA,ZCCHC2,0.12873701751232147
ELF3,CRYAB,0.12873557209968567
CALD1,SH3PXD2A,0.12870560586452484
SACM1L,CDKN1B,0.12867377698421478
RPS6KA5,SCAPER,0.12858165800571442
EFNA1,CD9,0.12849697470664978
ATXN2L,SLC16A1-AS1,0.12842965126037598
C2ORF49,TMEM161B,0.12842537462711334
UACA,RAI14,0.12834031879901886
CDK11A,CWF19L1,0.12814609706401825
CLEC2D,SEPT1,0.1281135529279709
TRIM8,DHX38,0.1279759407043457
FXYD3,PDZK1IP1,0.12797001004219055
ELF3,DMKN,0.12789712846279144
ANP32E,HMGB2,0.12767809629440308
LAMA4,SH3PXD2A,0.1275319904088974
LINC00513,GRK6,0.12751160562038422
IGFBP4,FBN1,0.12744802236557007
GRN,MFSD1,0.12740352749824524
EFNA1,KRT18,0.12738366425037384
MAP1B,CTGF,0.12737052142620087
NUF2,TK1,0.12719492614269257
MFSD1,CTSL,0.1271417737007141
SLC16A1-AS1,KDM4B,0.12708427011966705
FRYL,TAOK2,0.12704753875732422
SMG6,ITPKB,0.12702041864395142
TDRD3,RAP2C,0.12694503366947174
ID1,PALMD,0.126897931098938
WHAMM,MALT1,0.12688519060611725
CORO1A,LIMD2,0.1268831342458725
CD59,JAG1,0.12684686481952667
SERPINH1,RAI14,0.12677672505378723
S100A16,SELENOM,0.1267719864845276
ZBTB1,CTSC,0.1266845464706421
MAL2,CALML5,0.1266477108001709
UBE2S,HMGB2,0.12663771212100983
CYR61,UACA,0.12656712532043457
CCNB1,UBE2C,0.12654316425323486
ADCY3,ARAP1,0.12644802033901215
ZWINT,UBE2C,0.12641040980815887
MRPL1,SPTY2D1,0.1263466775417328
PHTF2,LYSMD3,0.12633411586284637
TSC22D1,JAG1,0.1263127326965332
RRM2,PCLAF,0.1262989193201065
EFHD2,LGALS9,0.1262386590242386
IGFBP4,COL6A1,0.1260676085948944
ELF3,MGST1,0.12604573369026184
AC008105.3,GRK6,0.12604524195194244
RPGR,ITPRIP,0.12600670754909515
C1R,ISLR,0.12597937881946564
TAGLN,GAS1,0.12590545415878296
DPYSL3,ITGAV,0.12581542134284973
TPM2,SELENOM,0.12577113509178162
WDR59,ZNF830,0.12570224702358246
OTULIN,ASB1,0.12567199766635895
LAMA4,EMP1,0.1256292164325714
ISLR,CCDC80,0.12548497319221497
CCNB2,NDC80,0.12540555000305176
TIMP1,PLEKHM2,0.12539654970169067
CD37,PTK2B,0.1252732276916504
JAK1,SLFN5,0.1251738965511322
NUF2,CENPE,0.12515771389007568
PHYKPL,NUP214,0.12514013051986694
TCTN3,ZC3H7A,0.12507906556129456
SMG6,NMT2,0.1250237375497818
HLA-DRB1,SRGN,0.12499938905239105
TNFRSF12A,RND3,0.12485112249851227
FYN,IL32,0.12469403445720673
HMMR,UBE2C,0.12458306550979614
ZNF44,COG4,0.12455353140830994
TPM1,C1S,0.12454471737146378
ATP2B1-AS1,GM2A,0.12450867891311646
SDC4,MGST1,0.1244363859295845
LIMA1,ID3,0.12442778050899506
CDKN3,ZWINT,0.1244184821844101
PIK3IP1,ZNF331,0.12429072707891464
SOX9,DSP,0.12411279231309891
CCDC80,C1S,0.12396909296512604
CALD1,HSPG2,0.12390873581171036
CCNB1,CENPE,0.12377234548330307
KRT17,DSP,0.12371155619621277
SEMA4D,PSD4,0.12370185554027557
MFGE8,SERPINE2,0.12362362444400787
ELF1,CREM,0.12352177500724792
CCNB2,ZWINT,0.12351004779338837
SACM1L,IKBKB,0.12343969196081161
NUF2,FAM83D,0.12343005836009979
TAGLN,TPM1,0.12332415580749512
OTULIN,WDR44,0.12328486144542694
IPO8,NIFK-AS1,0.12313070893287659
MMP14,MARCKS,0.12310674786567688
CCNB1,BIRC5,0.12302521616220474
SACM1L,IRAK4,0.12302330136299133
PPP1R18,MAPRE2,0.12289666384458542
TCTN3,PPP1R12C,0.12279274314641953
RARRES2,EFEMP2,0.1227472722530365
ATM,RNF113A,0.1227218434214592
C2ORF49,GABPB1-AS1,0.12270709872245789
KLHL36,UBE4A,0.12262764573097229
RASGRP1,HIST1H1D,0.12262208014726639
GTSE1,BIRC5,0.12257444113492966
PCNX1,CPD,0.12256738543510437
TXN,TUBA1B,0.12242607027292252
ZBTB1,PIP4K2A,0.12240131199359894
SFN,SOX9,0.1223965734243393
SPRY1,MAST4,0.12231414765119553
GTSE1,TK1,0.12228111177682877
VPS13A,RPS6KA5,0.12220989167690277
UBE2T,PCLAF,0.12213946878910065
CORO1A,LAT,0.12210724502801895
C2ORF49,ATAD2B,0.12204928696155548
CAVIN1,TGFB1I1,0.12200416624546051
TIMP1,COL6A1,0.12180639058351517
FRYL,EXOC6,0.12176118791103363
CNN3,IGFBP5,0.1217309907078743
CSGALNACT2,OTULIN,0.12164923548698425
TGFB1I1,CAVIN3,0.12162861227989197
LINC00909,ERN1,0.12136251479387283
AKAP10,SART3,0.12128259986639023
FMNL1,STK17B,0.12124063074588776
KRT17,KRT7,0.12122365087270737
SGK1,AHR,0.12112131714820862
CNN3,TM4SF1,0.12091933190822601
STMN1,PCLAF,0.12084886431694031
NUF2,ATAD2,0.12070275843143463
NNMT,PLPP1,0.1206333264708519
PCOLCE,EFEMP2,0.12042015045881271
CKS2,CKS1B,0.12039793282747269
GABARAPL1,WSB1,0.12022322416305542
IDS,ZFP36L2,0.12013602256774902
S100A16,MDK,0.12010951340198517
GRK6,ERN1,0.12009613960981369
ARHGDIB,SAMHD1,0.12002608180046082
CALD1,MYLK,0.12000135332345963
GSN,RCAN1,0.11998707801103592
CERS5,SYMPK,0.11995571106672287
DCP2,DBF4,0.11991338431835175
UBE2C,UBE2T,0.11986853182315826
MAST4,PLPP1,0.11981019377708435
ZC3H8,ZNF138,0.11971994489431381
CD9,SLC25A37,0.11958246678113937
CCNB2,HMMR,0.11955635249614716
IGFBP4,IL6ST,0.11954629421234131
ATAD2,CENPE,0.11950953304767609
SMCR5,CSKMT,0.1194985955953598
TRIM22,SP100,0.11948861926794052
ZWINT,TYMS,0.11937956511974335
SLC16A1-AS1,TRPM7,0.1193758025765419
CALD1,SNAI2,0.11931058019399643
ELF1,TXNIP,0.11929084360599518
ABCA1,LRP1,0.1191236674785614
PRSS23,ITGAV,0.11911051720380783
CDCA8,KPNA2,0.11897891759872437
ZNF224,ZNF785,0.11887944489717484
NCOA1,GOLGA8A,0.11879127472639084
PAN3,HIVEP1,0.11878564953804016
CTSB,CTSZ,0.1187785193324089
SMG6,HIVEP2,0.11877631396055222
IGFBP7,FBLN2,0.11875272542238235
MT-ND4,MT-ND3,0.11875186115503311
UBE4A,SH3BP2,0.11873651295900345
PCNX1,FHOD1,0.11868695914745331
ELF3,MIA,0.11866618692874908
CSTB,CD9,0.11864104866981506
GABARAPL1,INO80D,0.11861524730920792
CENPF,PCLAF,0.11859936267137527
NUF2,KPNA2,0.11858709156513214
SENP7,TMEM161B,0.11858473718166351
SLC25A37,RBP1,0.11845603585243225
C1R,TPM2,0.11834999918937683
CDCA8,ZWINT,0.11823809146881104
COL16A1,LOXL1,0.11821950227022171
NNMT,RAI14,0.11821825057268143
JAK1,C19ORF66,0.11817776411771774
THADA,CDK13,0.11815742403268814
OTULIN,AKAP10,0.11812819540500641
U2AF1L4,DBF4,0.11801911145448685
CDCA8,ANP32E,0.11800603568553925
VPS53,ZNF830,0.11798612028360367
PIBF1,ZNF91,0.1179216131567955
FXYD3,MGST1,0.11788419634103775
LNPEP,MAPRE2,0.117867112159729
TPM1,SELENOM,0.1177833303809166
CDK1,RRM2,0.11760473996400833
DOCK9,PODXL,0.11757318675518036
INO80D,MYCBP2,0.11755356937646866
KRT8,MGST1,0.1175406277179718
PPP1R18,SAMHD1,0.11752113699913025
GABPB1-AS1,RAD9A,0.11743057519197464
RPS6KA3,SLC7A6,0.11739922314882278
COL1A1,COL5A2,0.11716671288013458
EEFSEC,GRK6,0.11704324930906296
CDC20,CENPF,0.11695191264152527
GRN,FCGRT,0.11694449931383133
NR3C1,TACC1,0.11692316085100174
NNMT,IGFBP4,0.11689787358045578
S100A16,CRYAB,0.11685223132371902
LAMC1,PKIG,0.11683013290166855
DPYSL3,CAVIN3,0.11675038188695908
SLC9A3R2,CRIM1,0.1167013868689537
EFEMP2,SH3PXD2A,0.11659625917673111
CCNB2,ATAD2,0.11659498512744904
CDK11A,ZC3H7A,0.11657239496707916
COL1A1,CRISPLD2,0.11640725284814835
SPRY1,TMEM173,0.11629677563905716
LENG8,SENP7,0.11626432090997696
WDR54,ZNRF1,0.11625409871339798
HCST,AKNA,0.11623206734657288
PTTG1,UBE2T,0.11621687561273575
SOX9,MIA,0.11619959771633148
BGN,C1S,0.1161915734410286
CD59,NFIA,0.11612676829099655
S100A16,UACA,0.11597257852554321
ISG15,MX1,0.11595221608877182
CRYAB,DMKN,0.11593855917453766
SLC5A3,CWF19L1,0.11584845930337906
COL1A1,THBS2,0.11576316505670547
SPARC,NNMT,0.11573845893144608
TOP2A,PTTG1,0.11570215225219727
ATAD2,NPW,0.11569482088088989
S100A16,PDLIM4,0.11555874347686768
SMAD7,HIVEP1,0.11548101156949997
CEP78,SMC4,0.11537811160087585
EEFSEC,USP51,0.11535777151584625
PERP,MYC,0.11532001942396164
WSB1,DUSP6,0.1153014525771141
CHFR,ZNF281,0.11527629941701889
CREM,USP15,0.11525911837816238
FCGR2A,APOC1,0.1152210459113121
ZC3H7A,HIPK1,0.11521756649017334
NNMT,LHFPL6,0.11509784311056137
UACA,TGFB1I1,0.1150953620672226
SH3BP2,ARHGAP18,0.11506815254688263
ZNF430,ZNF493,0.11505657434463501
CLDN4,MGST1,0.11504343897104263
CALD1,EPS8,0.1149156466126442
CABIN1,KLF12,0.11491274833679199
JAK1,CNOT6L,0.11488077044487
CD14,CTSD,0.11477629095315933
CHFR,TGFB1,0.11476386338472366
ADAMTS4,RAI14,0.11473032832145691
ARL4A,EHD4,0.11463629454374313
S100A16,CALD1,0.11461455374956131
AURKA,CENPF,0.11460211127996445
FMNL1,ADGRE5,0.11451494693756104
IL6ST,AHR,0.11436837166547775
JAK1,IL32,0.11435310542583466
SPARC,LAMA4,0.11432404816150665
ZC3H7A,TMEM161B,0.11429227143526077
AURKA,PTTG1,0.11426737159490585
ADCY7,CELF2,0.11424019932746887
RRM2,UBE2T,0.11423029005527496
CDK1,GTSE1,0.11420328170061111
CYB5D2,ZC3H7A,0.11420270800590515
TXN,CKS1B,0.11414498835802078
HLA-A,SERPINB1,0.11402735114097595
C1R,RARRES2,0.11402098834514618
KRT17,SOX9,0.11398773640394211
ARHGDIB,TCIRG1,0.11384513229131699
BGN,SELENOM,0.11366217583417892
APOC1,APOE,0.11359690129756927
KRT8,SFN,0.11357546597719193
CCNB2,PCLAF,0.1135377287864685
ABCD4,FHOD1,0.11352532356977463
BGN,CRISPLD2,0.11351053416728973
SYTL1,AL121944.1,0.11333588510751724
SOX4,SFRP1,0.11327195167541504
RARRES2,CRISPLD2,0.11315783858299255
IL32,RORA,0.11312197148799896
JAK1,FOXN3,0.11304458975791931
NNMT,LAMA4,0.11303786188364029
LNPEP,SIGIRR,0.11298689246177673
MFSD1,FTH1,0.11298137158155441
CCNB2,CENPE,0.11296305060386658
TGFB1I1,TPM1,0.11295982450246811
HERC1,USP12,0.11294157803058624
TGFB1I1,EPS8,0.1129278764128685
TIMP1,UGCG,0.11281847953796387
HIST1H2BD,ZNF296,0.11280760914087296
CARNMT1,SOCS4,0.11269514262676239
CYR61,LAMC1,0.11267270147800446
TCIRG1,GAK,0.11266536265611649
ISLR,FGF7,0.11261818557977676
PRSS23,RGS3,0.11256036162376404
CDK1,NUSAP1,0.1125483512878418
C1ORF56,CDC42SE1,0.11249112337827682
EXOSC6,ZC3H7A,0.11246753484010696
CDK11A,ZNF430,0.1124596819281578
MYCBP2,MED6,0.11237607896327972
NCOA1,CEMIP2,0.11229410767555237
UBE2T,FAM83D,0.11219316720962524
AEBP1,GAS1,0.11218816787004471
WDR54,ZNF280D,0.11210881918668747
S100A16,PPIC,0.11210531741380692
MALT1,GRK6,0.11204748600721359
FOSL2,WSB1,0.11199723929166794
PARP14,STAT2,0.11197057366371155
BGN,ITGAV,0.11196904629468918
HSPG2,CFH,0.11190015822649002
NSF,VPS13D,0.11184067279100418
PER1,KLF2,0.1118328645825386
EEFSEC,PITPNM1,0.11180754750967026
CYR61,SERPINH1,0.1117977648973465
COL16A1,C1S,0.11168640106916428
RASA2,PCNX1,0.11166319251060486
COL1A2,AEBP1,0.11162617802619934
WFDC2,TACSTD2,0.11157830059528351
CCNB1,ATAD2,0.11157288402318954
SCAI,GNB5,0.1115192398428917
MFHAS1,NEK7,0.11149725317955017
ZDHHC18,IPO8,0.11132217198610306
WDR54,ITFG2,0.1113140657544136
PPIC,RCAN1,0.11127190291881561
CTSK,SERPINF1,0.11123774945735931
CHFR,LNPEP,0.11112461984157562
IGFBP4,SPRY1,0.11111664026975632
AKNA,PIP4K2A,0.11105906963348389
ANKRD52,TRDMT1,0.11098125576972961
CBLB,SIGIRR,0.11097679287195206
EFNA1,ID1,0.11090604215860367
ATAD2,SMC4,0.1108648031949997
KRT19,EPCAM,0.11080064624547958
SENP7,PCNX1,0.11074264347553253
SPARC,LAMC1,0.11071781069040298
CENPT,ESCO1,0.11058156937360764
PPIC,IFITM3,0.11058086901903152
TDRD3,CNST,0.11057527363300323
KRT17,MIA,0.11052859574556351
ZNF136,AL136295.5,0.11048811674118042
HCST,GPSM3,0.110455222427845
ISLR,CTGF,0.11045026034116745
KPNA2,ARL6IP1,0.11044448614120483
GPSM3,EMP3,0.11030624806880951
HCST,ACAP1,0.11020719259977341
CNST,ORAI1,0.11012159287929535
RANBP10,ABHD13,0.10991256684064865
C12ORF65,RSBN1,0.10990902036428452
ADGRE5,STK17B,0.10989844799041748
KRT14,CRYAB,0.10989490151405334
SFN,CRYAB,0.10983708500862122
ZC3H7A,RNF19A,0.10980017483234406
CCNB2,NUSAP1,0.1097853034734726
ARHGAP30,NUP210,0.10978325456380844
RBM5,ZZEF1,0.10976053029298782
TPM2,TGFB1I1,0.10974080115556717
CALCOCO2,METTL8,0.10973740369081497
FXYD3,KRT19,0.10971220582723618
RASA2,GABPB1-AS1,0.10964441299438477
AQR,RNF111,0.10954387485980988
LGALS9,ARHGDIB,0.10948347300291061
MYL9,CCDC80,0.1094314455986023
IFITM3,VMP1,0.10937481373548508
HSPG2,RAI14,0.10936898738145828
CDKN3,CDCA8,0.1093468889594078
MYL9,C1S,0.10932512581348419
DCP1B,EBLN2,0.10930605232715607
ZBTB1,PARP10,0.10928171128034592
EML2,TCF7,0.1091596856713295
IFI35,TNFRSF14,0.10914809256792068
EML2,GNB5,0.10910478234291077
CTSB,GLUL,0.1090991199016571
OTULIN,ATF7IP2,0.10905539244413376
NNMT,DEPP1,0.10905147343873978
TPM1,PALLD,0.10903680324554443
CTSS,SAMHD1,0.10902667790651321
SH3BGRL3,SERPINB1,0.10902602225542068
SLC39A6,MGST1,0.10896716266870499
THBS2,ADAM12,0.1086055338382721
DPYSL3,LHFPL6,0.10858409106731415
HCST,PTGER4,0.10851971060037613
ATAD2,NDC80,0.10848762094974518
SYMPK,ZNF506,0.10843000560998917
MT-CYB,MT-ND2,0.10842769593000412
TK1,PCLAF,0.10840700566768646
PSAP,CTSL,0.10835416615009308
SERPINH1,CAVIN3,0.10835336893796921
BMP2K,CEP170,0.10833821445703506
RIN2,NUPR1,0.1082693561911583
POLK,TDRD3,0.10823077708482742
TOP2A,ZWINT,0.10817643254995346
CD74,SRGN,0.10817383229732513
C1S,EFEMP2,0.108159638941288
TSC22D1,IER5L,0.10814984142780304
KRT8,MIA,0.10810600966215134
UACA,IGFBP7,0.1080910712480545
HIPK1,UBE4A,0.10807223618030548
GK,RUNX3,0.1079685389995575
RAI14,CFH,0.10796274989843369
OGT,ZNF721,0.1079554483294487
CDKN1B,ZBTB25,0.10794682055711746
BGN,PPIC,0.10790414363145828
CRIP2,NFIA,0.10784363001585007
UBE2C,NDC80,0.10783116519451141
UBE2S,FAM83D,0.10781335085630417
CFH,SPRY1,0.1078023612499237
ANKH,PHLDA1,0.1077929139137268
NSUN6,GNB5,0.10776440799236298
RBM5,PDE4D,0.10761795192956924
CWF19L1,NMT2,0.10759952664375305
CDC20,TPX2,0.10758844763040543
BGN,GAS1,0.10755759477615356
MED17,PLEKHM1,0.10751087218523026
SAMHD1,GIT2,0.10739856213331223
STMN1,PCNA,0.10733355581760406
RPS6KA5,PVT1,0.10728299617767334
KDM6B,IRF1,0.10720345377922058
FBLN2,LOX,0.10715073347091675
COL6A2,TGFB1I1,0.10710211098194122
NDC80,TYMS,0.10708794742822647
TPM2,GAS1,0.10708737373352051
CORO1A,STK17B,0.10706685483455658
NNMT,EFEMP2,0.10706068575382233
CDK1,KPNA2,0.10705925524234772
WHAMM,GPS2,0.10705190896987915
CREBRF,AHR,0.10701491683721542
CCDC80,RARRES2,0.10692864656448364
KANSL3,PGGT1B,0.10689422488212585
CD59,INSR,0.1068580374121666
PPIC,RAI14,0.1067972257733345
LOXL1,CLMP,0.10679668933153152
TGFB1,ANKRD28,0.10666471719741821
CAVIN1,PKIG,0.10662461817264557
CDC20,CKS2,0.10661289095878601
NUSAP1,NUP210,0.10650359839200974
SH3BGRL3,HLA-A,0.10647087544202805
DCP2,NSMAF,0.10645689070224762
OTULIN,ZNF430,0.10639814287424088
SYMPK,PHTF1,0.10639267414808273
HCST,RUNX3,0.10638849437236786
GK,GNA15,0.10636171698570251
PER1,KLF6,0.10624725371599197
FBN1,CCDC80,0.1062149927020073
UTRN,SRGAP2C,0.10620390623807907
CDC20,FAM83D,0.1061948761343956
TCTN3,SENP7,0.1061776727437973
GABPB1-AS1,PVT1,0.10613400489091873
KRT17,PERP,0.10613057017326355
CLDN4,KRT19,0.10612504929304123
TOP2A,CDKN3,0.10608302801847458
CCNB1,NUSAP1,0.10607226938009262
CALD1,RAI14,0.10606693476438522
FCGR2A,CD14,0.1060437336564064
CLEC2D,STK4,0.10596976429224014
FMNL1,AC058791.1,0.10596474260091782
SPRY1,PLPP1,0.10588390380144119
INTS4,RAB11FIP4,0.10576333105564117
CABIN1,ANKRD49,0.10575955361127853
BIN2,NUP210,0.10570677369832993
COL16A1,FHL2,0.10553935915231705
PTPRE,UPP1,0.10551582276821136
CAVIN3,PKIG,0.10540900379419327
ARID5B,NEDD9,0.10539744049310684
TAGLN,TGFB1I1,0.10539311170578003
NUP214,ATP2B1-AS1,0.10537701845169067
SERPINH1,IGFBP5,0.1053570881485939
GTSE1,NDC80,0.10521315038204193
PRSS23,COL6A1,0.1051877811551094
LYST,CBLB,0.10515526682138443
CYR61,PDLIM4,0.10513285547494888
MIB2,ZBED5,0.10512594878673553
ARRDC3,LMBR1L,0.10508660972118378
ADAMTS4,MAP1B,0.10500002652406693
PPIC,IER5L,0.10497646033763885
CLDN4,DMKN,0.1049639955163002
PARP10,DDX58,0.10493213683366776
C1R,FBLN1,0.10490042716264725
INO80D,ZNF281,0.10489066690206528
TRPM7,SPATA13,0.10486411303281784
BIRC5,CENPE,0.10484634339809418
ZNF335,SMCR5,0.10479189455509186
DSP,CRYAB,0.1047573983669281
NNMT,GAS1,0.1046985611319542
CDKN3,CCNB2,0.1045612320303917
SLFN5,PDS5B,0.10452206432819366
CORO1A,FMNL1,0.10423855483531952
ADCY7,ASB1,0.10418388992547989
DUSP1,SOCS3,0.10412310063838959
FBN1,RARRES2,0.1041121557354927
SOX9,DMKN,0.10404341667890549
KRT8,KRT16,0.10397760570049286
LNPEP,CBLB,0.1039595976471901
SMG6,IPO8,0.10395557433366776
ITPRIP,KLF9,0.10390087217092514
ZC3H4,TMEM161B,0.10382474958896637
KRT14,EPCAM,0.10382433235645294
COL6A2,TAGLN,0.10376831889152527
GLUL,CTSD,0.10370177030563354
COL1A2,CRISPLD2,0.10368692129850388
RRM2,NDC80,0.1036403477191925
SLC9A3R2,VWA1,0.10363612323999405
SLC11A1,CD14,0.10360389202833176
SERPINB1,ARL4C,0.10360212624073029
ID4,PDLIM3,0.10348775237798691
MKI67,ASPM,0.10348637402057648
SSH2,AC026979.2,0.10346803069114685
CALCOCO2,ZBTB25,0.10341861844062805
MMP11,ADAM12,0.10340460389852524
LIMA1,ZMAT3,0.10340087115764618
TSC22D1,GSN,0.10334721207618713
COL6A2,NNMT,0.10332689434289932
ZC3H8,IPO8,0.10332292318344116
LAMA4,IGFBP4,0.10327433049678802
GPNMB,APOE,0.10318851470947266
JAG1,NFIA,0.10312053561210632
GPNMB,LRP1,0.1031196340918541
FMNL1,TNFAIP8,0.1031051054596901
AURKA,CDC20,0.10305961221456528
KRT14,MT1X,0.10305468738079071
NUSAP1,UBE2T,0.10302620381116867
SLPI,CLDN3,0.10302379727363586
BGN,TGFB1I1,0.10301867127418518
LAMA4,FBLN2,0.10301326960325241
CDK11A,SMG6,0.10300281643867493
CDCA8,PCLAF,0.10292501002550125
FBLN1,GAS1,0.10290119796991348
ATXN2L,ZC3H8,0.10283394157886505
CBLB,TMEM173,0.10283208638429642
DPYSL3,DEPP1,0.10282247513532639
IGFBP7,PLPP1,0.10282192379236221
HCST,LIMD2,0.10272339731454849
GTSE1,CENPF,0.10269997268915176
UGCG,KLF9,0.10269893705844879
PTPRE,DUSP6,0.10269619524478912
C19ORF66,NR3C1,0.1026419922709465
KRT7,CD9,0.10261909663677216
CCDC80,FBLN2,0.10257085412740707
RAI14,SH3PXD2A,0.10243963450193405
UBE2C,PTTG1,0.10241825133562088
SLC16A1-AS1,CLK4,0.10239072144031525
RGS3,MON2,0.10236117988824844
RASA2,KIAA1551,0.10234306007623672
TTPAL,UNKL,0.10233830660581589
HMGB2,TUBA1B,0.10232935100793839
HSPA1A,HSPH1,0.1022815853357315
EXOSC6,TMEM161B,0.10225401818752289
NPW,CLDN3,0.10224147886037827
RAI14,SLC9A3R2,0.10220931470394135
WHAMM,PAN3,0.1021975427865982
SOX4,SLC25A37,0.10218873620033264
PALLD,PDLIM3,0.10217965394258499
LYST,ZNF281,0.10215743631124496
ID1,SLC25A37,0.10209439694881439
CD24,PERP,0.10206752270460129
PRSS23,PLPP1,0.10198095440864563
ABCD4,KLHL36,0.10191988945007324
CYR61,CD59,0.10190773755311966
COL1A1,MMP11,0.1018499806523323
TINAGL1,PDLIM1,0.10176175087690353
FGFR1,NBL1,0.10175596922636032
EFEMP2,FGF7,0.10173727571964264
HMMR,NDC80,0.10173305869102478
MAFB,SOD2,0.10171814262866974
DPYSL3,TPM1,0.10164095461368561
NABP1,TNFRSF14,0.10158585011959076
NNMT,MAP1B,0.10156172513961792
CDC20,KPNA2,0.10155259817838669
DDX23,TBC1D10A,0.10153542459011078
KRT8,CD9,0.1015128344297409
KRT7,S100A14,0.10150116682052612
VPS13A,ZBED5,0.10146722197532654
KRT16,SLPI,0.10145054012537003
PPIC,GSN,0.10137300938367844
NUSAP1,CKS2,0.10135786980390549
OTULIN,JADE2,0.10132528841495514
MAP1B,RGS3,0.10132190585136414
C15ORF40,CDKN1B,0.10130348801612854
S100A16,MYC,0.10128175467252731
COL6A2,C1R,0.1012677475810051
NEAT1,NFKBIZ,0.10125529021024704
TPM2,ID4,0.10125231742858887
ZC3H7A,ADA,0.10117726027965546
MAP1B,CRIP2,0.10114973783493042
FBN1,LHFPL6,0.10111434757709503
FBN1,CAVIN3,0.10098335146903992
RPS6KA3,UTRN,0.10095230489969254
TPM2,TAGLN,0.10094167292118073
DPYSL3,SLC9A3R2,0.10094089806079865
CLDN4,EPCAM,0.10089749097824097
NPHP3,PHC3,0.10086323320865631
EXOSC6,ITPRIP,0.10084738582372665
PPP1R18,VSIR,0.10083400458097458
CDCA8,TYMS,0.1008293554186821
FOXN3,TACC1,0.10071277618408203
CREBRF,IRF9,0.10067440569400787
MIB2,RPS6KA5,0.10061626881361008
UACA,HSPG2,0.10061556100845337
C15ORF40,ATXN7L3B,0.10060285031795502
COL1A1,CTSK,0.10059083998203278
SENP7,NEDD9,0.10057765990495682
NNMT,AEBP1,0.10055762529373169
ARHGDIB,GIT2,0.1003730371594429
CYR61,EFEMP2,0.10036558657884598
CRIM1,NFIA,0.10030493140220642
UTRN,MAPRE2,0.10028176009654999
CALD1,PALLD,0.10019791126251221
CREBRF,LYST,0.10016950219869614
KRT17,S100A14,0.10012901574373245
CDK1,PCLAF,0.10012423247098923
IFITM2,SLFN5,0.100123830139637
ADD1,SLFN5,0.10008586943149567
SRGN,TNFAIP3,0.1000576987862587
RBM33,ZNF587,0.10000056773424149
